DoW,Mon,Hour,Detected,Real
Monday,10,0,3,25
Saturday,10,0,3,54
Monday,10,0,2,8
Tuesday,10,0,16,314
Saturday,10,0,2,41
Wednesday,10,0,1,23
Wednesday,10,2,6,155
Friday,10,0,29,244
Monday,10,2,6,449
Saturday,10,2,5,65
Thursday,10,0,3,45
Sunday,10,1,3,119
Tuesday,10,1,19,219
Friday,10,1,12,322
Thursday,10,0,1,33
Saturday,10,1,7,210
Saturday,10,1,7,216
Monday,10,2,19,435
Thursday,10,1,11,261
Friday,10,1,16,224
Monday,10,0,5,39
Wednesday,10,0,9,241
Thursday,10,1,18,246
Wednesday,10,1,13,207
Saturday,10,1,7,225
Friday,10,0,5,82
Thursday,10,0,8,235
Friday,10,0,19,150
Wednesday,10,0,1,34
Saturday,10,0,2,41
Monday,10,1,11,209
Friday,10,2,5,178
Wednesday,10,2,8,60
Sunday,10,2,2,69
Monday,10,0,1,51
Saturday,10,1,21,340
Friday,10,0,1,35
Thursday,10,1,18,183
Sunday,10,1,9,202
Sunday,10,2,6,125
Thursday,10,0,2,25
Wednesday,10,0,3,58
Friday,10,1,5,327
Tuesday,10,1,12,230
Friday,10,1,14,404
Tuesday,10,0,10,249
Tuesday,10,0,12,276
Friday,10,1,19,298
Sunday,10,2,5,268
Thursday,10,0,3,18
Sunday,10,0,1,62
Sunday,10,2,8,371
Monday,10,0,5,14
Sunday,10,2,2,139
Thursday,10,2,3,76
Tuesday,10,0,4,27
Wednesday,10,1,18,237
Saturday,10,0,4,60
Friday,10,1,16,218
Saturday,10,0,1,37
Tuesday,10,0,12,148
Wednesday,10,1,12,243
Sunday,10,0,2,61
Tuesday,10,1,7,191
Monday,10,0,1,15
Monday,10,1,8,262
Saturday,10,0,1,34
Sunday,10,1,8,196
Thursday,10,0,5,30
Thursday,10,0,2,46
Thursday,10,1,20,282
Saturday,10,2,7,132
Friday,10,1,24,328
Tuesday,10,0,2,29
Tuesday,10,2,7,98
Tuesday,10,0,1,23
Sunday,10,1,8,217
Saturday,10,1,11,177
Thursday,10,0,7,96
Monday,10,1,10,121
Thursday,10,1,15,186
Tuesday,10,1,7,178
Friday,10,1,22,389
Monday,10,1,6,194
Wednesday,10,1,9,297
Sunday,10,1,7,158
Friday,10,0,3,69
Wednesday,10,2,2,42
Tuesday,10,1,12,250
Thursday,10,0,2,30
Thursday,10,1,17,275
Wednesday,10,0,7,46
Thursday,10,1,18,287
Monday,10,0,1,14
Wednesday,10,0,10,204
Thursday,10,1,9,222
Monday,10,2,12,180
Tuesday,10,0,3,16
Thursday,10,1,18,236
Monday,10,2,1,79
Wednesday,10,1,15,196
Friday,10,1,10,519
Sunday,10,0,2,22
Monday,10,0,10,243
Saturday,10,0,3,110
Thursday,10,1,12,244
Thursday,10,1,7,233
Wednesday,10,1,8,225
Wednesday,10,1,22,190
Thursday,10,1,10,253
Sunday,10,1,5,134
Sunday,10,1,6,139
Saturday,10,0,4,133
Thursday,10,0,6,59
Monday,10,0,2,12
Thursday,10,1,14,263
Thursday,10,1,14,208
Sunday,10,1,16,380
Tuesday,10,1,11,254
Friday,10,0,17,230
Saturday,10,0,9,89
Saturday,10,0,3,126
Thursday,10,0,9,70
Tuesday,10,0,20,261
Tuesday,10,0,2,19
Thursday,10,2,7,120
Monday,10,0,16,297
Friday,10,0,2,29
Friday,10,1,25,296
Saturday,10,1,6,238
Saturday,10,2,5,195
Friday,10,2,3,83
Thursday,10,1,12,201
Thursday,10,1,18,294
Friday,10,0,4,26
Thursday,10,2,7,87
Friday,10,0,3,24
Thursday,10,0,5,21
Friday,10,0,2,35
Thursday,10,1,14,274
Tuesday,10,1,18,222
Wednesday,10,1,16,255
Wednesday,10,1,14,209
Thursday,10,1,13,250
Wednesday,10,0,4,45
Tuesday,10,1,9,187
Monday,10,1,11,194
Friday,10,1,17,293
Saturday,10,0,2,61
Sunday,10,0,5,34
Monday,10,0,1,14
Thursday,10,1,11,313
Friday,10,1,10,489
Thursday,10,0,1,21
Sunday,10,1,9,209
Sunday,10,0,9,48
Sunday,10,0,3,49
Friday,10,1,13,302
Monday,10,1,10,174
Thursday,10,2,2,177
Saturday,10,1,24,442
Thursday,10,1,10,185
Tuesday,10,1,12,191
Tuesday,10,0,2,22
Friday,10,1,19,404
Sunday,10,0,2,46
Monday,10,1,10,239
Tuesday,10,0,1,20
Monday,10,1,19,245
Thursday,10,1,10,240
Monday,10,1,11,271
Thursday,10,1,15,261
Tuesday,10,2,2,73
Tuesday,10,2,5,71
Friday,10,0,7,65
Saturday,10,0,5,126
Sunday,10,1,8,174
Wednesday,10,0,2,32
Monday,10,1,9,277
Sunday,10,2,7,113
Thursday,10,0,14,272
Saturday,10,2,4,163
Tuesday,10,1,8,209
Friday,10,1,20,386
Saturday,10,1,5,222
Thursday,10,1,8,267
Thursday,10,2,3,43
Thursday,10,1,8,200
Tuesday,10,2,4,144
Thursday,10,0,17,153
Monday,10,0,15,281
Sunday,10,1,10,421
Wednesday,10,2,3,61
Thursday,10,1,14,239
Wednesday,10,2,6,67
Tuesday,10,0,5,27
Saturday,10,2,2,85
Friday,10,0,13,268
Saturday,10,1,4,200
Thursday,10,1,15,240
Saturday,10,1,4,160
Thursday,10,1,15,308
Thursday,10,1,12,249
Monday,10,0,6,49
Thursday,10,2,3,83
Saturday,10,1,9,262
Sunday,10,0,1,19
Wednesday,10,0,15,241
Wednesday,10,0,3,27
Saturday,10,2,5,114
Friday,10,0,16,223
Sunday,10,1,2,167
Sunday,10,1,12,405
Thursday,10,2,5,108
Saturday,10,0,1,91
Saturday,10,1,9,302
Thursday,10,1,15,208
Saturday,10,1,6,239
Friday,10,1,14,258
Thursday,10,0,11,97
Saturday,10,1,1,220
Friday,10,0,2,19
Saturday,10,1,16,264
Saturday,10,1,9,275
Thursday,10,0,4,34
Wednesday,10,1,12,225
Thursday,10,0,7,60
Wednesday,10,1,9,236
Friday,10,1,11,169
Saturday,10,0,1,32
Wednesday,10,2,4,99
Sunday,10,1,8,289
Thursday,10,0,17,260
Thursday,10,0,6,44
Tuesday,10,1,13,251
Wednesday,10,2,2,26
Thursday,10,0,3,26
Saturday,10,1,8,256
Thursday,10,1,10,175
Tuesday,10,1,11,313
Saturday,10,0,1,37
Saturday,10,1,13,228
Saturday,10,1,11,300
Thursday,10,2,7,126
Wednesday,10,1,12,241
Wednesday,10,2,5,49
Friday,10,2,8,253
Thursday,10,1,17,245
Saturday,10,0,8,112
Sunday,10,1,10,188
Wednesday,10,0,18,257
Tuesday,10,0,22,246
Monday,10,1,10,255
Tuesday,10,0,20,305
Tuesday,10,0,23,227
Monday,10,1,13,244
Tuesday,10,2,17,179
Friday,10,0,2,17
Tuesday,10,1,13,205
Friday,10,0,4,23
Tuesday,10,2,4,137
Thursday,10,1,10,212
Thursday,10,1,10,289
Sunday,10,1,4,231
Sunday,10,1,11,289
Friday,10,2,15,350
Saturday,10,1,5,233
Tuesday,10,2,4,159
Friday,10,0,2,26
Friday,10,0,1,38
Monday,10,0,1,20
Friday,10,0,2,32
Thursday,10,1,9,189
Sunday,10,0,4,43
Thursday,10,0,1,24
Thursday,10,2,9,118
Monday,10,2,11,92
Wednesday,10,0,2,26
Sunday,10,1,6,349
Sunday,10,0,1,3
Saturday,10,0,7,127
Saturday,10,0,1,34
Saturday,10,0,3,49
Wednesday,10,2,6,48
Tuesday,10,2,5,210
Saturday,10,1,5,297
Sunday,10,1,17,405
Monday,10,2,6,143
Tuesday,10,1,17,272
Thursday,10,2,2,59
Friday,10,1,17,231
Wednesday,10,1,16,189
Tuesday,10,1,14,221
Thursday,10,0,1,16
Wednesday,10,1,16,180
Tuesday,10,0,3,33
Thursday,10,0,2,29
Thursday,10,1,23,313
Tuesday,10,2,1,90
Thursday,10,0,5,101
Monday,10,1,8,263
Friday,10,1,14,224
Monday,10,0,17,283
Wednesday,10,0,4,22
Monday,10,1,14,499
Wednesday,10,1,16,233
Friday,10,0,5,25
Sunday,10,1,6,239
Friday,10,0,5,28
Tuesday,10,0,5,10
Saturday,10,1,5,264
Friday,10,1,8,183
Thursday,10,0,3,27
Sunday,10,1,8,183
Monday,10,1,4,165
Monday,10,1,12,185
Thursday,10,0,3,37
Thursday,10,1,7,300
Tuesday,10,1,9,189
Sunday,10,2,4,305
Saturday,10,1,8,260
Saturday,10,1,20,351
Tuesday,10,1,26,193
Saturday,10,0,2,48
Saturday,10,0,3,38
Wednesday,10,1,13,232
Friday,10,0,6,22
Sunday,10,0,1,30
Saturday,10,0,4,47
Monday,10,2,2,40
Thursday,10,1,13,344
Thursday,10,2,7,129
Sunday,10,2,7,279
Monday,10,1,1,113
Tuesday,10,1,10,223
Tuesday,10,1,14,265
Wednesday,10,2,5,138
Friday,10,0,20,200
Monday,10,2,2,38
Sunday,10,0,1,19
Thursday,10,1,17,300
Friday,10,0,9,96
Saturday,10,1,5,259
Monday,10,1,8,242
Thursday,10,0,10,84
Sunday,10,1,6,203
Sunday,10,0,2,20
Friday,10,1,10,326
Sunday,10,1,5,147
Saturday,10,2,3,199
Monday,10,1,8,197
Friday,10,0,22,212
Friday,10,0,11,221
Monday,10,1,16,243
Saturday,10,1,13,262
Friday,10,1,5,324
Thursday,10,1,15,184
Sunday,10,0,2,45
Thursday,10,0,2,35
Friday,10,2,12,312
Tuesday,10,0,1,25
Sunday,10,0,3,41
Tuesday,10,1,16,224
Wednesday,10,1,7,237
Tuesday,10,1,11,235
Thursday,10,1,8,297
Friday,10,1,16,356
Thursday,10,2,10,228
Saturday,10,1,11,316
Saturday,10,0,1,27
Friday,10,1,20,209
Friday,10,0,3,27
Saturday,10,1,5,257
Sunday,10,0,3,10
Monday,10,2,4,119
Thursday,10,0,2,18
Sunday,10,0,1,12
Saturday,10,2,5,138
Friday,10,0,6,29
Wednesday,10,1,13,205
Saturday,10,1,5,151
Sunday,10,1,8,214
Friday,10,0,1,23
Tuesday,10,1,13,212
Tuesday,10,0,2,50
Friday,10,1,10,273
Thursday,10,0,1,31
Saturday,10,0,4,37
Friday,10,1,25,315
Thursday,10,0,1,26
Monday,10,0,7,60
Thursday,10,2,3,70
Saturday,10,0,2,48
Monday,10,0,4,24
Friday,10,0,2,27
Sunday,10,2,8,394
Sunday,10,1,6,175
Wednesday,10,1,9,227
Sunday,10,1,16,285
Thursday,10,1,10,306
Monday,10,0,1,34
Tuesday,10,1,13,253
Friday,10,2,6,218
Monday,10,1,14,198
Saturday,10,1,7,227
Saturday,10,0,1,40
Sunday,10,2,3,71
Sunday,10,0,1,12
Thursday,10,1,18,218
Saturday,10,0,5,37
Monday,10,1,7,196
Thursday,10,1,13,263
Wednesday,10,2,14,182
Monday,10,1,6,201
Thursday,10,1,9,241
Monday,10,1,11,212
Tuesday,10,1,11,261
Saturday,10,1,13,202
Monday,10,1,15,246
Thursday,10,0,12,299
Thursday,10,1,13,246
Thursday,10,0,2,29
Saturday,10,1,3,76
Thursday,10,2,8,175
Saturday,10,0,5,81
Saturday,10,2,5,228
Thursday,10,0,11,256
Wednesday,10,1,15,258
Friday,10,1,10,303
Wednesday,10,1,16,179
Wednesday,10,1,11,277
Saturday,10,1,12,258
Thursday,10,2,12,175
Wednesday,10,0,1,27
Tuesday,10,0,1,28
Saturday,10,0,4,46
Thursday,10,0,2,42
Tuesday,10,0,2,18
Wednesday,10,0,2,67
Thursday,10,2,10,182
Wednesday,10,2,10,223
Saturday,10,1,7,192
Sunday,10,0,7,70
Friday,10,0,7,29
Friday,10,0,5,41
Monday,10,0,7,42
Friday,10,2,3,146
Wednesday,10,1,8,176
Thursday,10,1,4,256
Sunday,10,1,11,398
Thursday,10,1,9,208
Friday,10,0,1,34
Thursday,10,0,1,30
Friday,10,0,14,28
Monday,10,0,4,28
Wednesday,10,1,6,176
Saturday,10,1,10,250
Sunday,10,0,1,11
Tuesday,10,1,9,214
Tuesday,10,0,4,27
Monday,10,1,12,305
Sunday,10,2,5,313
Saturday,10,0,7,165
Friday,10,0,6,79
Thursday,10,1,13,236
Saturday,10,2,3,128
Friday,10,2,6,292
Tuesday,10,1,7,256
Thursday,10,1,9,224
Thursday,10,1,14,202
Wednesday,10,0,3,23
Friday,10,1,25,258
Saturday,10,1,1,121
Thursday,10,1,11,235
Saturday,10,1,7,186
Friday,10,0,8,80
Wednesday,10,2,11,188
Tuesday,10,1,15,195
Friday,10,0,3,15
Thursday,10,1,14,251
Thursday,10,1,15,214
Sunday,10,0,1,91
Friday,10,1,18,264
Saturday,10,1,11,170
Saturday,10,1,7,253
Saturday,10,1,11,282
Thursday,10,0,24,249
Saturday,10,2,2,120
Saturday,10,1,7,160
Friday,10,1,17,208
Friday,10,1,12,499
Monday,10,1,2,337
Friday,10,2,4,129
Thursday,10,1,14,360
Wednesday,10,0,12,138
Thursday,10,0,1,39
Thursday,10,0,20,359
Saturday,10,1,5,181
Saturday,10,0,13,151
Friday,10,0,1,33
Thursday,10,0,5,44
Thursday,10,2,9,135
Thursday,10,1,12,198
Friday,10,0,14,303
Saturday,10,1,2,178
Monday,10,0,1,21
Saturday,10,0,2,89
Wednesday,10,1,7,225
Friday,10,2,9,126
Sunday,10,2,8,247
Tuesday,10,1,15,281
Sunday,10,0,3,44
Saturday,10,0,4,46
Sunday,10,1,9,130
Friday,10,1,13,205
Sunday,10,1,11,342
Friday,10,2,2,88
Thursday,10,1,12,268
Thursday,10,1,10,213
Thursday,10,1,10,180
Friday,10,1,20,301
Monday,10,0,4,75
Sunday,10,2,3,187
Wednesday,10,1,15,310
Wednesday,10,0,8,259
Friday,10,2,6,255
Friday,10,1,4,174
Monday,10,0,1,24
Thursday,10,1,13,174
Saturday,10,1,6,238
Wednesday,10,2,3,51
Saturday,10,1,5,281
Wednesday,10,0,6,20
Friday,10,0,5,54
Saturday,10,0,1,28
Monday,10,1,17,316
Sunday,10,2,3,124
Thursday,10,0,20,208
Saturday,10,1,15,231
Sunday,10,1,8,211
Tuesday,10,1,9,188
Sunday,10,0,2,30
Friday,10,2,14,420
Sunday,10,0,2,54
Saturday,10,0,5,32
Saturday,10,1,11,268
Monday,10,1,4,278
Saturday,10,0,5,107
Tuesday,10,1,18,184
Saturday,10,1,24,397
Saturday,10,2,3,103
Tuesday,10,0,6,27
Monday,10,0,8,294
Sunday,10,1,12,171
Friday,10,1,14,295
Monday,10,0,3,58
Thursday,10,2,18,149
Sunday,10,1,4,168
Friday,10,1,28,242
Friday,10,1,8,164
Friday,10,0,34,291
Friday,10,1,25,420
Saturday,10,0,3,29
Saturday,10,2,8,150
Wednesday,10,1,8,189
Saturday,10,0,5,197
Saturday,10,0,1,34
Thursday,10,1,15,235
Wednesday,10,1,13,189
Thursday,10,0,4,46
Saturday,10,0,1,45
Tuesday,10,0,6,26
Friday,10,1,9,354
Sunday,10,2,5,233
Thursday,10,1,12,265
Tuesday,10,0,7,17
Wednesday,10,1,12,191
Thursday,10,1,13,304
Friday,10,0,1,30
Saturday,10,2,6,159
Wednesday,10,1,11,175
Saturday,10,1,11,180
Thursday,10,0,4,25
Tuesday,10,1,15,178
Sunday,10,2,2,147
Saturday,10,0,18,166
Thursday,10,0,1,49
Thursday,10,0,3,21
Thursday,10,0,4,52
Monday,10,2,7,194
Friday,10,0,1,21
Wednesday,10,2,12,165
Thursday,10,1,16,182
Tuesday,10,1,19,201
Friday,10,0,4,38
Sunday,10,1,5,131
Friday,10,0,4,22
Tuesday,10,1,19,183
Sunday,10,2,9,361
Monday,10,2,3,65
Saturday,10,1,11,304
Wednesday,10,0,2,16
Monday,10,2,7,171
Friday,10,2,9,237
Saturday,10,1,7,191
Wednesday,10,0,7,73
Tuesday,10,2,1,37
Saturday,10,0,11,187
Thursday,10,1,23,233
Monday,10,2,17,365
Thursday,10,1,11,38
Sunday,10,2,4,85
Friday,10,2,3,96
Thursday,10,1,10,267
Friday,10,0,18,237
Friday,10,1,13,326
Wednesday,10,2,6,152
Sunday,10,1,3,162
Sunday,10,1,4,81
Friday,10,1,21,351
Friday,10,0,3,49
Thursday,10,1,13,304
Saturday,10,1,4,190
Sunday,10,1,13,254
Saturday,10,1,16,370
Monday,10,0,2,20
Monday,10,0,1,20
Thursday,10,0,4,33
Thursday,10,1,8,178
Saturday,10,1,11,289
Saturday,10,0,5,64
Thursday,10,0,5,196
Saturday,10,0,3,49
Monday,10,0,3,18
Friday,10,1,8,292
Sunday,10,0,2,71
Saturday,10,1,9,250
Saturday,10,2,6,77
Thursday,10,0,3,29
Friday,10,2,9,168
Thursday,10,1,20,232
Wednesday,10,2,16,201
Saturday,10,1,9,259
Wednesday,10,0,12,238
Wednesday,10,2,5,167
Sunday,10,1,6,101
Tuesday,10,0,2,24
Wednesday,10,1,7,184
Friday,10,0,2,22
Sunday,10,1,5,197
Thursday,10,0,9,240
Thursday,10,0,1,13
Friday,10,2,3,150
Thursday,10,0,4,95
Saturday,10,2,2,82
Tuesday,10,0,18,211
Tuesday,10,0,10,86
Monday,10,0,2,36
Thursday,10,2,1,80
Friday,10,0,3,45
Wednesday,10,0,2,30
Friday,10,0,3,43
Monday,10,2,1,170
Sunday,10,0,2,41
Tuesday,10,1,8,173
Friday,10,1,27,386
Tuesday,10,1,16,225
Saturday,10,1,8,233
Thursday,10,1,8,269
Friday,10,2,7,148
Sunday,10,1,4,190
Monday,10,0,5,21
Thursday,10,1,16,210
Thursday,10,1,12,316
Monday,10,0,1,19
Tuesday,10,0,12,77
Monday,10,1,21,217
Friday,10,1,19,222
Thursday,10,0,10,221
Tuesday,10,0,1,32
Monday,10,1,19,523
Saturday,10,0,2,23
Saturday,10,2,4,208
Friday,10,1,19,316
Saturday,10,1,10,252
Monday,10,1,7,307
Friday,10,1,9,332
Thursday,10,1,12,210
Tuesday,10,1,11,203
Tuesday,10,0,2,27
Monday,10,1,12,285
Wednesday,10,1,13,167
Monday,10,1,11,275
Thursday,10,0,2,19
Tuesday,10,1,12,249
Saturday,10,0,4,36
Saturday,10,0,1,36
Friday,10,0,19,264
Wednesday,10,0,4,30
Friday,10,1,20,352
Sunday,10,1,4,187
Saturday,10,2,6,72
Monday,10,0,1,42
Wednesday,10,0,1,23
Friday,10,2,20,403
Friday,10,0,2,25
Tuesday,10,2,3,74
Wednesday,10,2,2,45
Monday,10,0,2,7
Friday,10,1,20,343
Thursday,10,0,3,24
Tuesday,10,1,22,212
Monday,10,2,6,123
Saturday,10,1,2,232
Monday,10,1,14,135
Sunday,10,2,5,171
Saturday,10,1,11,234
Friday,10,0,3,27
Monday,10,1,13,202
Thursday,10,0,4,52
Tuesday,10,1,12,251
Friday,10,0,15,261
Monday,10,1,2,250
Saturday,10,1,6,180
Thursday,10,2,8,91
Friday,10,0,3,33
Saturday,10,2,7,205
Tuesday,10,1,19,228
Thursday,10,0,2,26
Wednesday,10,0,1,40
Saturday,10,2,3,98
Monday,10,1,4,229
Wednesday,10,0,2,31
Monday,10,2,3,26
Monday,10,2,11,319
Monday,10,1,9,222
Saturday,10,0,1,28
Tuesday,10,0,10,238
Tuesday,10,0,12,322
Friday,10,0,21,278
Wednesday,10,1,18,194
Friday,10,0,16,304
Tuesday,10,0,4,13
Friday,10,1,12,216
Friday,10,0,1,25
Tuesday,10,0,2,23
Monday,10,2,10,267
Friday,10,1,8,219
Saturday,10,0,3,60
Tuesday,10,0,6,71
Friday,10,1,23,382
Saturday,10,1,9,190
Saturday,10,1,14,283
Friday,10,2,1,82
Saturday,10,0,7,24
Friday,10,1,19,205
Thursday,10,0,12,302
Saturday,10,1,8,225
Thursday,10,2,3,99
Saturday,10,1,7,249
Wednesday,10,0,4,11
Wednesday,10,0,6,67
Monday,10,0,3,51
Wednesday,10,1,15,199
Tuesday,10,1,7,230
Friday,10,1,7,238
Friday,10,0,2,20
Saturday,10,1,17,190
Wednesday,10,1,14,237
Wednesday,10,1,11,232
Saturday,10,2,5,62
Friday,10,0,11,82
Tuesday,10,0,17,259
Thursday,10,2,4,175
Saturday,10,0,1,46
Wednesday,10,0,8,232
Saturday,10,1,9,130
Tuesday,10,0,9,49
Friday,10,0,11,342
Sunday,10,1,7,260
Monday,10,2,4,117
Sunday,10,1,5,178
Thursday,10,0,3,37
Thursday,10,1,12,200
Saturday,10,1,8,155
Thursday,10,1,10,216
Thursday,10,1,21,189
Wednesday,10,1,23,212
Thursday,10,0,2,24
Sunday,10,1,11,360
Thursday,10,1,9,151
Tuesday,10,1,14,330
Wednesday,10,0,1,24
Monday,10,1,18,325
Saturday,10,1,7,206
Saturday,10,0,1,36
Friday,10,1,14,221
Saturday,10,1,8,225
Saturday,10,1,5,189
Tuesday,10,2,5,98
Friday,10,2,5,356
Sunday,10,0,3,52
Saturday,10,2,8,249
Wednesday,10,0,5,49
Friday,10,1,5,222
Thursday,10,2,7,149
Saturday,10,0,4,52
Tuesday,10,1,12,297
Saturday,10,1,12,263
Monday,10,0,3,36
Friday,10,1,25,352
Friday,10,1,12,254
Sunday,10,0,1,23
Tuesday,10,0,14,254
Monday,10,0,3,36
Tuesday,10,0,4,46
Thursday,10,2,6,117
Friday,10,0,24,281
Saturday,10,0,2,24
Wednesday,10,2,4,49
Monday,10,1,3,228
Saturday,10,0,11,170
Saturday,10,2,7,224
Saturday,10,1,9,301
Tuesday,10,2,8,143
Sunday,10,0,1,34
Sunday,10,1,8,194
Thursday,10,0,12,308
Friday,10,0,5,35
Friday,10,0,4,30
Friday,10,1,9,204
Thursday,10,2,10,126
Friday,10,0,3,25
Friday,10,1,19,424
Saturday,10,0,2,37
Thursday,10,2,8,79
Friday,10,0,2,50
Sunday,10,1,8,148
Saturday,10,0,2,130
Friday,10,1,17,279
Monday,10,0,1,10
Saturday,10,0,18,110
Sunday,10,2,6,141
Wednesday,10,1,19,255
Saturday,10,1,10,180
Sunday,10,1,7,181
Thursday,10,1,15,201
Monday,10,0,1,18
Saturday,10,0,3,33
Friday,10,0,1,36
Tuesday,10,0,3,24
Wednesday,10,0,2,22
Tuesday,10,1,10,233
Friday,10,0,3,27
Monday,10,1,13,211
Monday,10,1,12,226
Thursday,10,0,3,30
Monday,10,2,10,165
Saturday,10,0,4,155
Friday,10,1,14,245
Monday,10,0,2,49
Thursday,10,0,17,142
Sunday,10,0,1,32
Wednesday,10,2,11,157
Thursday,10,1,11,170
Wednesday,10,1,6,244
Friday,10,2,3,96
Sunday,10,0,1,33
Monday,10,1,14,242
Wednesday,10,0,7,88
Thursday,10,0,2,15
Friday,10,0,22,223
Saturday,10,1,11,259
Saturday,10,1,2,169
Thursday,10,1,15,223
Friday,10,1,19,297
Sunday,10,0,1,15
Saturday,10,1,7,265
Wednesday,10,1,10,252
Saturday,10,1,4,184
Monday,10,1,9,258
Tuesday,10,1,14,218
Thursday,10,1,8,192
Monday,10,0,1,17
Thursday,10,0,14,265
Tuesday,10,2,6,146
Wednesday,10,2,2,47
Friday,10,1,8,237
Friday,10,1,20,300
Monday,10,1,5,213
Saturday,10,0,4,38
Thursday,10,0,19,251
Thursday,10,1,7,260
Thursday,10,1,13,211
Saturday,10,1,12,283
Sunday,10,1,6,133
Sunday,10,1,4,146
Friday,10,2,16,247
Thursday,10,0,18,225
Thursday,10,0,6,87
Saturday,10,2,13,178
Thursday,10,2,19,267
Thursday,10,1,13,191
Saturday,10,0,1,29
Friday,10,0,6,57
Sunday,10,1,4,136
Thursday,10,1,12,253
Saturday,10,1,4,149
Monday,10,1,12,202
Sunday,10,1,9,267
Friday,10,0,4,80
Tuesday,10,0,4,31
Tuesday,10,1,13,209
Thursday,10,2,2,54
Friday,10,0,15,208
Friday,10,0,20,212
Monday,10,1,11,211
Sunday,10,0,2,45
Sunday,10,2,2,83
Tuesday,10,0,23,274
Wednesday,10,2,5,73
Friday,10,0,1,53
Saturday,10,2,13,285
Friday,10,0,4,47
Sunday,10,2,6,277
Thursday,10,0,1,25
Saturday,10,2,1,164
Saturday,10,1,14,257
Wednesday,10,0,2,23
Saturday,10,0,2,31
Sunday,10,1,8,198
Tuesday,10,2,2,59
Thursday,10,0,15,217
Tuesday,10,1,10,188
Saturday,10,1,7,258
Wednesday,10,1,13,223
Saturday,10,1,5,263
Tuesday,10,1,18,226
Monday,10,0,14,357
Sunday,10,1,7,206
Tuesday,10,1,24,241
Tuesday,10,1,18,232
Saturday,10,1,7,189
Saturday,10,0,4,59
Friday,10,1,25,426
Sunday,10,1,13,244
Saturday,10,1,8,329
Saturday,10,1,3,156
Friday,10,0,7,58
Saturday,10,2,5,164
Monday,10,1,6,206
Saturday,10,1,8,230
Thursday,10,1,15,187
Thursday,10,2,6,115
Monday,10,0,2,35
Tuesday,10,0,21,268
Wednesday,10,0,10,256
Monday,10,0,15,167
Saturday,10,1,10,220
Sunday,10,2,3,54
Friday,10,2,6,282
Friday,10,2,3,101
Thursday,10,1,7,244
Sunday,10,1,14,326
Saturday,10,1,12,211
Sunday,10,1,2,74
Wednesday,10,1,9,244
Thursday,10,1,12,198
Saturday,10,2,2,129
Sunday,10,0,4,48
Thursday,10,2,9,174
Friday,10,0,2,45
Friday,10,0,5,37
Sunday,10,1,10,158
Friday,10,1,23,342
Saturday,10,0,4,27
Friday,10,1,9,221
Saturday,10,0,3,78
Friday,10,1,13,293
Saturday,10,0,7,144
Sunday,10,1,7,138
Monday,10,1,14,323
Friday,10,2,10,271
Friday,10,2,15,189
Wednesday,10,1,19,195
Wednesday,10,1,12,229
Saturday,10,1,2,151
Saturday,10,0,6,58
Saturday,10,1,2,125
Monday,10,2,5,178
Sunday,10,0,1,6
Tuesday,10,1,9,206
Thursday,10,0,3,27
Saturday,10,2,10,139
Friday,10,1,17,281
Friday,10,2,13,320
Friday,10,1,18,299
Thursday,10,0,8,71
Saturday,10,2,7,163
Friday,10,2,5,276
Friday,10,0,3,23
Friday,10,1,8,338
Sunday,10,1,17,371
Thursday,10,1,9,327
Friday,10,1,12,455
Wednesday,10,1,22,192
Saturday,10,0,2,37
Friday,10,1,15,269
Friday,10,1,13,283
Thursday,10,2,18,253
Sunday,10,0,2,21
Monday,10,0,6,17
Friday,10,0,4,47
Saturday,10,0,1,22
Monday,10,0,16,283
Wednesday,10,0,2,43
Friday,10,0,10,249
Tuesday,10,0,3,25
Wednesday,10,1,10,237
Tuesday,10,1,10,200
Sunday,10,0,1,18
Friday,10,0,1,38
Tuesday,10,0,7,56
Sunday,10,1,7,190
Saturday,10,1,8,208
Friday,10,1,8,269
Saturday,10,0,1,15
Thursday,10,1,19,246
Thursday,10,0,5,43
Friday,10,1,12,269
Friday,10,2,20,457
Saturday,10,0,2,54
Friday,10,2,13,328
Sunday,10,1,7,261
Tuesday,10,1,11,215
Thursday,10,1,10,214
Saturday,10,2,1,128
Thursday,10,0,4,24
Sunday,10,1,8,157
Monday,10,2,1,65
Sunday,10,0,2,22
Friday,10,0,2,31
Saturday,10,0,3,45
Friday,10,1,11,363
Sunday,10,1,5,203
Friday,10,0,2,20
Saturday,10,0,8,164
Friday,10,1,8,204
Sunday,10,2,1,97
Monday,10,2,17,251
Sunday,10,0,1,34
Monday,10,1,8,198
Saturday,10,1,8,202
Wednesday,10,1,12,228
Thursday,10,0,22,214
Friday,10,1,29,369
Monday,10,0,4,41
Monday,10,0,1,41
Sunday,10,1,2,111
Sunday,10,2,1,97
Monday,10,2,1,56
Saturday,10,1,3,135
Friday,10,1,28,254
Tuesday,10,0,17,157
Wednesday,10,1,9,213
Wednesday,10,2,3,99
Saturday,10,1,6,209
Monday,10,1,15,291
Thursday,10,0,1,29
Thursday,10,0,2,25
Saturday,10,1,1,231
Monday,10,1,17,284
Saturday,10,0,1,29
Saturday,10,0,2,23
Sunday,10,0,1,62
Tuesday,10,1,18,246
Tuesday,10,0,4,53
Wednesday,10,0,4,67
Wednesday,10,0,7,264
Sunday,10,0,3,23
Wednesday,10,1,11,218
Sunday,10,2,9,262
Wednesday,10,0,13,273
Sunday,10,1,7,208
Friday,10,0,22,259
Wednesday,10,0,6,32
Wednesday,10,1,10,264
Thursday,10,1,11,241
Thursday,10,1,20,208
Saturday,10,2,6,174
Sunday,10,1,4,205
Friday,10,1,29,366
Sunday,10,1,9,191
Friday,10,1,12,346
Thursday,10,1,7,216
Tuesday,10,0,2,17
Sunday,10,1,9,243
Wednesday,10,0,5,19
Monday,10,0,3,77
Thursday,10,1,11,228
Tuesday,10,1,8,223
Saturday,10,1,9,251
Friday,10,1,11,297
Thursday,10,1,14,215
Saturday,10,1,11,271
Tuesday,10,0,18,295
Monday,10,1,16,452
Friday,10,2,8,116
Sunday,10,1,2,95
Wednesday,10,2,10,146
Friday,10,1,25,397
Friday,10,0,9,69
Sunday,10,1,4,160
Saturday,10,0,2,31
Friday,10,2,9,85
Saturday,10,0,3,38
Saturday,10,2,1,96
Saturday,10,0,2,33
Tuesday,10,2,6,48
Wednesday,10,1,11,208
Monday,10,1,15,275
Thursday,10,1,13,192
Thursday,10,0,18,233
Wednesday,10,1,7,199
Monday,10,0,1,9
Friday,10,0,6,42
Sunday,10,2,4,67
Wednesday,10,2,13,188
Saturday,10,0,2,19
Monday,10,0,7,59
Wednesday,10,1,8,203
Sunday,10,1,10,413
Friday,10,0,23,209
Wednesday,10,1,14,251
Friday,10,1,15,358
Thursday,10,1,20,239
Tuesday,10,2,6,87
Friday,10,0,6,69
Monday,10,2,5,64
Wednesday,10,1,14,315
Sunday,10,1,12,415
Thursday,10,1,11,202
Saturday,10,2,4,213
Friday,10,0,5,50
Saturday,10,0,6,161
Thursday,10,0,12,103
Saturday,10,0,1,33
Wednesday,10,1,16,209
Monday,10,1,11,203
Saturday,10,1,11,258
Sunday,10,0,1,30
Friday,10,1,31,243
Saturday,10,1,10,268
Saturday,10,0,2,21
Friday,10,2,3,125
Saturday,10,1,15,220
Tuesday,10,1,13,237
Wednesday,10,1,9,226
Thursday,10,2,8,69
Tuesday,10,1,8,227
Sunday,10,1,8,206
Saturday,10,2,8,183
Friday,10,1,6,226
Saturday,10,0,5,52
Friday,10,1,19,273
Saturday,10,1,8,269
Friday,10,1,12,263
Sunday,10,0,1,44
Tuesday,10,1,15,219
Monday,10,0,4,19
Wednesday,10,0,1,17
Wednesday,10,1,13,237
Friday,10,0,4,33
Sunday,10,1,7,195
Monday,10,0,11,22
Tuesday,10,0,5,47
Wednesday,10,1,16,263
Sunday,10,0,2,31
Wednesday,10,0,4,19
Saturday,10,2,3,100
Saturday,10,1,28,416
Friday,10,1,21,231
Sunday,10,1,10,147
Monday,10,0,3,32
Sunday,10,1,16,216
Saturday,10,2,9,84
Monday,10,1,8,205
Thursday,10,0,12,265
Saturday,10,2,3,122
Friday,10,1,17,304
Wednesday,10,0,2,20
Monday,10,0,17,240
Saturday,10,1,6,213
Monday,10,1,12,191
Sunday,10,0,1,41
Sunday,10,1,5,183
Wednesday,10,2,6,77
Friday,10,1,14,195
Sunday,10,1,13,452
Wednesday,10,0,2,23
Saturday,10,0,2,33
Friday,10,1,17,413
Monday,10,1,8,275
Friday,10,1,7,219
Saturday,10,1,5,236
Saturday,10,1,6,159
Sunday,10,0,1,44
Tuesday,10,0,6,41
Tuesday,10,1,8,216
Saturday,10,2,11,178
Wednesday,10,0,2,20
Thursday,10,2,4,110
Monday,10,2,12,192
Saturday,10,2,3,70
Wednesday,10,1,17,354
Wednesday,10,1,13,199
Sunday,10,1,3,143
Friday,10,0,4,19
Wednesday,10,2,10,136
Wednesday,10,1,7,214
Sunday,10,2,10,338
Wednesday,10,2,4,67
Wednesday,10,0,7,33
Thursday,10,1,15,238
Wednesday,10,0,13,283
Sunday,10,0,1,39
Sunday,10,2,3,160
Monday,10,1,13,350
Tuesday,10,2,4,86
Tuesday,10,0,8,77
Friday,10,1,17,263
Sunday,10,2,3,207
Thursday,10,0,2,32
Sunday,10,0,1,43
Friday,10,0,2,51
Saturday,10,1,14,265
Friday,10,0,16,146
Thursday,10,1,11,257
Friday,10,0,1,32
Wednesday,10,0,2,33
Thursday,10,1,13,190
Saturday,10,0,10,168
Thursday,10,0,11,149
Friday,10,0,6,217
Sunday,10,2,1,62
Wednesday,10,1,11,204
Wednesday,10,1,12,201
Wednesday,10,1,15,240
Friday,10,1,15,546
Wednesday,10,0,5,21
Saturday,10,0,3,22
Friday,10,1,21,380
Thursday,10,1,9,323
Thursday,10,2,10,209
Thursday,10,2,13,239
Tuesday,10,2,7,138
Wednesday,10,1,12,254
Thursday,10,0,15,226
Saturday,10,1,7,158
Tuesday,10,1,17,191
Friday,10,0,15,149
Monday,10,2,11,102
Friday,10,1,10,345
Friday,10,0,3,32
Monday,10,0,1,14
Tuesday,10,2,4,27
Sunday,10,1,13,330
Monday,10,0,4,73
Thursday,10,2,8,214
Saturday,10,0,2,26
Saturday,10,0,2,35
Sunday,10,0,2,48
Sunday,10,0,3,21
Thursday,10,0,1,33
Saturday,10,2,5,122
Wednesday,10,0,1,15
Friday,10,2,10,373
Wednesday,10,1,7,263
Thursday,10,1,9,278
Thursday,10,0,7,27
Thursday,10,1,10,273
Tuesday,10,1,16,237
Wednesday,10,2,8,130
Wednesday,10,1,10,252
Sunday,10,0,1,38
Tuesday,10,0,8,39
Thursday,10,0,1,53
Saturday,10,1,12,324
Monday,10,0,2,12
Monday,10,1,11,244
Saturday,10,1,16,181
Thursday,10,0,8,268
Monday,10,1,12,64
Thursday,10,0,14,234
Monday,10,1,18,230
Monday,10,0,9,267
Sunday,10,0,1,17
Friday,10,0,35,226
Saturday,10,0,6,93
Thursday,10,0,12,188
Friday,10,0,5,29
Wednesday,10,1,13,196
Friday,10,1,9,331
Friday,10,1,15,469
Thursday,10,0,4,99
Saturday,10,0,4,62
Friday,10,2,25,334
Friday,10,2,15,440
Saturday,10,0,1,33
Wednesday,10,1,10,265
Monday,10,0,3,7
Thursday,10,0,12,294
Thursday,10,1,11,219
Monday,10,2,4,78
Tuesday,10,0,3,36
Wednesday,10,2,3,56
Friday,10,0,2,27
Monday,10,2,9,246
Saturday,10,0,6,47
Wednesday,10,2,10,169
Saturday,10,1,22,375
Thursday,10,0,5,53
Friday,10,1,38,292
Thursday,10,1,14,172
Sunday,10,0,1,29
Thursday,10,0,4,34
Wednesday,10,2,6,171
Thursday,10,1,17,199
Thursday,10,0,8,35
Tuesday,10,0,1,26
Tuesday,10,1,7,225
Friday,10,0,3,36
Wednesday,10,1,18,252
Friday,10,1,9,233
Thursday,10,2,4,89
Friday,10,0,18,222
Thursday,10,0,6,33
Monday,10,0,2,61
Tuesday,10,1,12,197
Sunday,10,0,4,16
Saturday,10,2,2,61
Monday,10,2,2,144
Tuesday,10,0,14,234
Friday,10,1,11,300
Friday,10,1,11,268
Wednesday,10,0,2,25
Friday,10,0,21,144
Friday,10,0,1,20
Friday,10,2,1,81
Thursday,10,2,5,86
Tuesday,10,1,19,234
Monday,10,0,17,242
Thursday,10,2,1,51
Monday,10,2,8,122
Monday,10,1,7,260
Sunday,10,0,1,56
Monday,10,0,5,79
Friday,10,1,19,236
Wednesday,10,2,10,192
Sunday,10,2,4,74
Saturday,10,1,14,240
Thursday,10,2,5,68
Thursday,10,1,18,287
Tuesday,10,0,13,216
Thursday,10,0,7,34
Tuesday,10,0,9,91
Wednesday,10,1,12,342
Wednesday,10,2,9,149
Wednesday,10,1,13,228
Friday,10,1,25,328
Monday,10,1,12,209
Tuesday,10,0,2,24
Saturday,10,0,2,35
Sunday,10,1,3,132
Friday,10,2,12,355
Thursday,10,2,9,115
Sunday,10,1,6,161
Monday,10,1,11,236
Friday,10,1,12,202
Saturday,10,0,1,27
Sunday,10,0,7,54
Wednesday,10,0,2,20
Monday,10,1,5,149
Thursday,10,1,15,219
Monday,10,2,3,49
Saturday,10,1,24,420
Tuesday,10,1,13,241
Sunday,10,2,8,250
Friday,10,2,4,59
Friday,10,0,10,220
Monday,10,2,4,229
Tuesday,10,2,10,114
Thursday,10,1,12,233
Friday,10,0,12,219
Wednesday,10,1,8,211
Sunday,10,0,2,28
Tuesday,10,0,2,17
Saturday,10,0,14,116
Thursday,10,0,2,27
Thursday,10,1,8,252
Tuesday,10,0,2,71
Tuesday,10,0,20,325
Wednesday,10,1,14,257
Tuesday,10,1,13,210
Tuesday,10,0,1,23
Thursday,10,1,6,135
Friday,10,0,8,72
Thursday,10,1,10,221
Wednesday,10,1,12,272
Monday,10,1,13,227
Wednesday,10,2,3,78
Saturday,10,0,3,39
Thursday,10,1,12,204
Wednesday,10,0,10,207
Thursday,10,1,12,265
Thursday,10,0,3,25
Monday,10,1,22,239
Saturday,10,1,7,230
Wednesday,10,1,8,200
Monday,10,1,19,363
Thursday,10,0,18,265
Friday,10,0,2,29
Sunday,10,0,5,68
Tuesday,10,1,10,193
Saturday,10,0,2,26
Sunday,10,1,14,287
Friday,10,0,1,31
Friday,10,1,12,284
Sunday,10,0,2,43
Thursday,10,2,22,215
Thursday,10,0,2,22
Wednesday,10,0,9,268
Thursday,10,1,5,247
Thursday,10,1,14,184
Thursday,10,0,19,223
Saturday,10,2,9,220
Saturday,10,1,10,209
Saturday,10,0,2,38
Friday,10,1,13,311
Saturday,10,0,9,46
Tuesday,10,2,5,169
Monday,10,1,9,222
Friday,10,1,18,317
Sunday,10,0,4,67
Tuesday,10,1,13,185
Monday,10,0,17,241
Monday,10,0,1,31
Monday,10,1,23,476
Friday,10,2,16,433
Tuesday,10,2,3,36
Saturday,10,1,6,237
Thursday,10,1,15,288
Friday,10,0,3,34
Tuesday,10,0,13,89
Friday,10,1,27,286
Thursday,10,0,1,24
Wednesday,10,0,3,30
Tuesday,10,1,20,187
Thursday,10,1,13,242
Monday,10,0,12,280
Tuesday,10,1,11,321
Monday,10,1,10,282
Tuesday,10,0,5,15
Friday,10,0,4,38
Monday,10,1,9,146
Friday,10,1,11,212
Saturday,10,2,1,73
Saturday,10,1,9,239
Monday,10,2,6,54
Sunday,10,1,9,233
Monday,10,1,13,198
Friday,10,1,27,411
Saturday,10,1,10,247
Friday,10,1,14,343
Thursday,10,1,15,187
Wednesday,10,0,9,89
Friday,10,2,14,411
Saturday,10,1,8,259
Tuesday,10,1,9,212
Thursday,10,0,1,24
Saturday,10,0,6,144
Saturday,10,0,4,91
Wednesday,10,1,8,177
Wednesday,10,0,13,291
Friday,10,0,13,218
Thursday,10,1,8,270
Friday,10,0,28,241
Saturday,10,0,1,25
Saturday,10,0,3,77
Friday,10,2,15,219
Tuesday,10,1,9,193
Tuesday,10,0,4,29
Wednesday,10,1,14,232
Monday,10,1,13,238
Monday,10,1,14,310
Saturday,10,1,7,233
Monday,10,1,10,206
Wednesday,10,1,17,257
Saturday,10,2,3,71
Tuesday,10,0,2,24
Friday,10,0,26,316
Thursday,10,1,9,224
Saturday,10,0,1,23
Friday,10,1,17,240
Tuesday,10,0,12,197
Thursday,10,0,4,43
Saturday,10,0,1,35
Saturday,10,1,19,343
Monday,10,0,1,13
Monday,10,1,6,206
Thursday,10,1,13,213
Friday,10,0,2,21
Friday,10,0,10,209
Thursday,10,0,15,248
Monday,10,2,14,172
Friday,10,2,4,336
Monday,10,1,13,212
Sunday,10,1,8,278
Monday,10,1,7,256
Monday,10,0,11,87
Thursday,10,1,11,189
Saturday,10,1,5,128
Thursday,10,1,14,185
Friday,10,0,3,24
Thursday,10,2,4,92
Sunday,10,0,2,13
Saturday,10,0,1,25
Saturday,10,1,8,226
Thursday,10,1,21,245
Sunday,10,0,2,74
Sunday,10,0,1,58
Tuesday,10,0,3,23
Wednesday,10,1,22,222
Tuesday,10,0,1,19
Thursday,10,2,16,193
Thursday,10,1,10,201
Wednesday,10,1,16,211
Thursday,10,0,3,75
Monday,10,1,9,282
Saturday,10,1,14,234
Sunday,10,1,8,116
Saturday,10,1,7,207
Wednesday,10,2,16,196
Friday,10,1,10,178
Friday,10,0,2,30
Sunday,10,1,5,158
Saturday,10,1,3,174
Tuesday,10,1,17,199
Monday,10,0,2,43
Saturday,10,0,7,103
Friday,10,2,7,277
Monday,10,1,18,250
Sunday,10,1,6,136
Thursday,10,0,1,24
Saturday,10,0,1,33
Saturday,10,0,2,33
Sunday,10,2,8,226
Sunday,10,0,2,26
Friday,10,0,27,264
Saturday,10,1,9,178
Friday,10,0,5,96
Thursday,10,1,6,215
Friday,10,1,20,439
Sunday,10,2,15,272
Friday,10,1,12,450
Wednesday,10,0,2,29
Friday,10,1,11,194
Saturday,10,0,1,32
Saturday,10,0,5,83
Sunday,10,0,3,36
Thursday,10,0,15,216
Friday,10,2,6,358
Monday,10,0,3,7
Monday,10,0,3,98
Tuesday,10,0,2,24
Saturday,10,1,12,222
Wednesday,10,0,17,194
Tuesday,10,1,18,195
Friday,10,1,7,209
Tuesday,10,0,1,31
Friday,10,1,10,131
Thursday,10,1,15,196
Thursday,10,0,1,26
Monday,10,2,3,40
Wednesday,10,0,1,25
Thursday,10,1,10,208
Saturday,10,1,13,224
Monday,10,1,9,241
Tuesday,10,1,24,233
Monday,10,0,1,17
Monday,10,0,1,17
Friday,10,1,24,277
Saturday,10,1,13,217
Wednesday,10,1,14,298
Thursday,10,2,2,52
Wednesday,10,1,7,233
Friday,10,0,3,24
Wednesday,10,2,11,230
Friday,10,0,1,28
Thursday,10,0,1,48
Thursday,10,0,22,227
Wednesday,10,1,9,242
Thursday,10,1,22,251
Sunday,10,2,4,131
Wednesday,10,1,15,313
Monday,10,0,1,16
Friday,10,0,10,222
Sunday,10,1,4,155
Friday,10,1,23,383
Saturday,10,0,7,45
Saturday,10,1,8,194
Friday,10,1,5,241
Tuesday,10,1,12,174
Wednesday,10,1,13,262
Friday,10,1,8,323
Monday,10,0,2,19
Thursday,10,1,12,191
Thursday,10,1,19,245
Friday,10,2,7,121
Monday,10,0,1,20
Tuesday,10,1,7,229
Thursday,10,1,9,310
Friday,10,2,3,149
Thursday,10,2,6,93
Sunday,10,0,1,22
Tuesday,10,0,4,19
Monday,10,0,2,30
Tuesday,10,1,6,232
Tuesday,10,0,1,29
Monday,10,1,9,223
Thursday,10,0,18,243
Saturday,10,0,1,25
Friday,10,0,1,47
Wednesday,10,1,7,230
Saturday,10,0,4,55
Thursday,10,2,21,234
Wednesday,10,0,4,84
Monday,10,1,13,468
Saturday,10,0,2,51
Thursday,10,0,2,33
Friday,10,0,19,260
Saturday,10,2,1,100
Monday,10,2,5,105
Friday,10,0,9,77
Tuesday,10,1,12,192
Sunday,10,1,10,219
Sunday,10,1,5,179
Saturday,10,0,2,27
Saturday,10,2,4,111
Sunday,10,1,7,205
Sunday,10,2,12,382
Friday,10,2,6,92
Wednesday,10,0,10,246
Saturday,10,0,7,91
Thursday,10,0,16,254
Tuesday,10,1,9,240
Tuesday,10,1,10,210
Monday,10,1,8,214
Monday,10,2,4,77
Friday,10,2,6,231
Friday,10,2,9,249
Thursday,10,0,15,232
Monday,10,1,11,229
Saturday,10,1,8,192
Monday,10,0,2,34
Thursday,10,0,3,23
Monday,10,0,1,14
Wednesday,10,1,11,180
Monday,10,1,14,244
Friday,10,1,16,276
Thursday,10,2,10,228
Wednesday,10,1,5,269
Saturday,10,1,9,257
Wednesday,10,1,10,185
Thursday,10,0,4,23
Tuesday,10,0,1,80
Thursday,10,0,2,27
Thursday,10,1,10,252
Thursday,10,2,12,239
Sunday,10,1,6,108
Sunday,10,0,5,25
Monday,10,1,14,231
Tuesday,10,1,11,194
Saturday,10,0,4,31
Friday,10,1,19,332
Friday,10,1,14,394
Friday,10,1,14,314
Monday,10,2,7,91
Tuesday,10,1,7,216
Wednesday,10,1,21,236
Saturday,10,1,14,426
Monday,10,2,17,213
Friday,10,1,15,228
Tuesday,10,1,18,236
Friday,10,2,9,233
Saturday,10,1,10,231
Friday,10,0,4,39
Saturday,10,0,1,33
Friday,10,0,5,35
Friday,10,0,1,36
Tuesday,10,0,25,253
Friday,10,1,10,238
Saturday,10,0,4,28
Thursday,10,2,10,151
Thursday,10,0,4,31
Saturday,10,0,3,42
Sunday,10,1,10,233
Wednesday,10,1,14,215
Monday,10,2,4,67
Wednesday,10,2,7,122
Saturday,10,2,6,250
Friday,10,0,12,50
Thursday,10,0,1,37
Sunday,10,0,6,59
Wednesday,10,1,12,217
Thursday,10,1,24,211
Saturday,10,2,3,89
Friday,10,0,2,27
Wednesday,10,1,10,200
Friday,10,1,12,359
Monday,10,1,12,273
Sunday,10,1,3,215
Saturday,10,1,9,239
Friday,10,0,6,247
Tuesday,10,1,9,277
Saturday,10,1,6,245
Monday,10,1,13,402
Saturday,10,1,5,304
Friday,10,0,5,72
Tuesday,10,2,7,173
Thursday,10,2,2,91
Wednesday,10,1,17,247
Monday,10,0,19,244
Thursday,10,2,10,146
Saturday,10,2,4,74
Saturday,10,2,5,192
Friday,10,1,10,368
Monday,10,1,8,221
Tuesday,10,0,1,31
Monday,10,0,9,362
Thursday,10,0,2,22
Monday,10,1,9,202
Friday,10,0,1,35
Friday,10,0,11,99
Thursday,10,1,15,240
Thursday,10,2,1,118
Saturday,10,1,8,299
Saturday,10,0,6,50
Monday,10,1,7,249
Wednesday,10,1,13,193
Friday,10,1,26,495
Monday,10,1,15,313
Saturday,10,0,2,42
Friday,10,1,15,222
Saturday,10,2,2,85
Thursday,10,0,3,36
Saturday,10,2,3,97
Thursday,10,2,13,235
Wednesday,10,0,2,26
Friday,10,0,1,17
Saturday,10,2,5,88
Tuesday,10,1,5,211
Saturday,10,1,8,189
Tuesday,10,0,20,207
Saturday,10,2,7,168
Monday,10,0,6,53
Monday,10,0,1,13
Thursday,10,0,3,25
Tuesday,10,1,9,211
Monday,10,0,16,152
Wednesday,10,1,9,214
Thursday,10,0,16,153
Friday,10,0,2,24
Saturday,10,0,2,32
Monday,10,1,16,196
Saturday,10,0,1,77
Wednesday,10,2,6,197
Sunday,10,1,9,273
Friday,10,1,25,306
Saturday,10,0,8,108
Tuesday,10,2,7,41
Tuesday,10,0,5,27
Friday,10,0,4,44
Wednesday,10,0,4,23
Monday,10,1,8,230
Saturday,10,1,6,231
Monday,10,1,14,222
Friday,10,0,3,28
Saturday,10,2,4,151
Sunday,10,0,2,59
Monday,10,2,5,96
Saturday,10,1,4,258
Sunday,10,2,5,96
Friday,10,2,5,167
Monday,10,2,5,123
Tuesday,10,0,2,32
Saturday,10,1,11,239
Saturday,10,1,8,200
Saturday,10,1,3,234
Tuesday,10,0,20,229
Friday,10,1,12,192
Wednesday,10,1,14,204
Sunday,10,1,13,406
Thursday,10,0,7,36
Tuesday,10,2,7,54
Friday,10,2,12,141
Friday,10,1,12,324
Saturday,10,2,9,211
Sunday,10,1,7,153
Wednesday,10,1,9,179
Monday,10,0,10,121
Thursday,10,2,6,227
Wednesday,10,1,15,244
Thursday,10,1,18,206
Wednesday,10,1,16,203
Saturday,10,2,3,61
Friday,10,2,10,203
Wednesday,10,1,9,270
Sunday,10,2,7,126
Thursday,10,0,1,19
Thursday,10,0,6,19
Thursday,10,2,8,190
Monday,10,0,3,7
Saturday,10,1,5,182
Thursday,10,1,17,248
Wednesday,10,2,5,56
Friday,10,2,6,128
Sunday,10,1,5,241
Tuesday,10,0,5,28
Friday,10,1,18,460
Friday,10,1,12,321
Tuesday,10,0,2,60
Monday,10,1,7,97
Sunday,10,1,6,105
Sunday,10,0,1,19
Friday,10,1,12,329
Wednesday,10,1,20,242
Tuesday,10,2,1,79
Sunday,10,0,3,89
Sunday,10,1,9,214
Tuesday,10,1,12,209
Saturday,10,1,5,251
Wednesday,10,0,4,32
Friday,10,1,8,410
Thursday,10,0,3,26
Monday,10,1,16,184
Saturday,10,1,12,232
Saturday,10,0,17,224
Monday,10,0,8,128
Sunday,10,1,7,300
Wednesday,10,1,19,199
Wednesday,10,0,23,316
Wednesday,10,1,15,267
Wednesday,10,2,3,35
Saturday,10,1,10,167
Tuesday,10,2,4,39
Sunday,10,1,7,180
Wednesday,10,2,4,54
Sunday,10,1,10,240
Monday,10,0,1,25
Friday,10,0,2,32
Friday,10,2,12,330
Saturday,10,1,1,182
Monday,10,0,11,224
Saturday,10,0,2,54
Sunday,10,1,10,224
Sunday,10,1,2,120
Wednesday,10,0,5,22
Monday,10,0,10,199
Thursday,10,2,18,222
Friday,10,2,18,390
Friday,10,0,1,95
Tuesday,10,0,24,284
Wednesday,10,1,12,201
Sunday,10,2,10,276
Saturday,10,2,7,270
Friday,10,0,1,53
Thursday,10,1,17,213
Thursday,10,1,15,200
Saturday,10,2,9,185
Saturday,10,0,1,21
Monday,10,1,9,166
Monday,10,1,20,241
Thursday,10,0,7,84
Saturday,10,0,7,68
Friday,10,1,14,452
Sunday,10,2,9,237
Sunday,10,1,10,187
Tuesday,10,1,16,222
Saturday,10,0,6,62
Saturday,10,1,8,253
Thursday,10,0,8,41
Tuesday,10,1,14,218
Thursday,10,1,14,280
Tuesday,10,0,6,26
Monday,10,1,14,345
Tuesday,10,0,1,27
Friday,10,1,24,231
Sunday,10,0,2,28
Wednesday,10,1,15,278
Monday,10,0,1,12
Friday,10,1,16,275
Saturday,10,0,3,130
Sunday,10,1,8,179
Friday,10,2,23,522
Saturday,10,0,5,42
Sunday,10,1,12,229
Friday,10,1,8,290
Tuesday,10,1,16,170
Saturday,10,0,2,69
Saturday,10,2,6,84
Monday,10,1,8,197
Sunday,10,0,1,21
Monday,10,1,8,207
Monday,10,0,3,81
Thursday,10,1,10,170
Saturday,10,0,4,14
Tuesday,10,2,4,136
Wednesday,10,1,18,176
Wednesday,10,1,12,260
Friday,10,1,19,299
Sunday,10,1,10,278
Saturday,10,2,5,115
Sunday,10,1,4,103
Friday,10,1,27,422
Thursday,10,1,13,254
Monday,10,0,12,117
Friday,10,2,4,217
Friday,10,1,13,196
Sunday,10,1,3,138
Monday,10,1,4,113
Friday,10,1,20,117
Thursday,10,0,3,25
Saturday,10,1,7,256
Sunday,10,1,12,217
Monday,10,1,6,179
Thursday,10,0,15,286
Tuesday,10,2,7,74
Wednesday,10,0,5,29
Sunday,10,2,12,411
Thursday,10,0,12,309
Wednesday,10,0,15,192
Monday,10,1,22,437
Saturday,10,0,9,120
Thursday,10,1,13,250
Saturday,10,1,11,202
Saturday,10,0,8,115
Saturday,10,1,5,196
Sunday,10,2,5,153
Friday,10,1,19,226
Wednesday,10,1,9,192
Saturday,10,0,5,163
Tuesday,10,0,11,142
Monday,10,0,2,42
Monday,10,1,14,173
Tuesday,10,1,10,99
Saturday,10,0,5,29
Sunday,10,1,12,193
Tuesday,10,0,2,17
Tuesday,10,0,11,116
Wednesday,10,0,9,133
Wednesday,10,2,3,100
Sunday,10,0,1,12
Thursday,10,2,6,102
Thursday,10,0,3,37
Thursday,10,1,13,225
Saturday,10,0,3,89
Friday,10,1,16,353
Friday,10,0,7,33
Sunday,10,1,10,367
Thursday,10,2,2,64
Sunday,10,0,2,20
Monday,10,1,12,420
Thursday,10,0,9,88
Tuesday,10,2,17,210
Sunday,10,1,5,141
Wednesday,10,1,9,223
Monday,10,0,2,20
Tuesday,10,1,9,224
Wednesday,10,1,15,205
Monday,10,1,16,241
Monday,10,1,5,215
Friday,10,2,15,309
Tuesday,10,1,9,336
Thursday,10,0,4,22
Thursday,10,1,14,359
Sunday,10,2,5,112
Thursday,10,1,16,222
Thursday,10,2,5,223
Thursday,10,2,3,41
Monday,10,1,5,192
Friday,10,2,6,255
Monday,10,2,8,42
Wednesday,10,1,10,244
Thursday,10,0,4,27
Sunday,10,2,5,98
Sunday,10,0,3,64
Tuesday,10,0,7,25
Monday,10,1,9,233
Friday,10,1,30,417
Tuesday,10,1,9,178
Thursday,10,1,14,202
Friday,10,1,18,484
Saturday,10,1,8,168
Friday,10,1,23,277
Thursday,10,1,19,180
Thursday,10,0,5,32
Thursday,10,0,7,26
Thursday,10,2,8,185
Tuesday,10,0,22,272
Saturday,10,1,6,191
Wednesday,10,2,4,95
Friday,10,1,14,249
Saturday,10,1,12,221
Saturday,10,2,2,69
Monday,10,0,15,295
Thursday,10,1,4,255
Tuesday,10,0,1,33
Tuesday,10,2,10,179
Monday,10,1,15,244
Friday,10,0,6,34
Tuesday,10,0,7,48
Saturday,10,0,8,23
Tuesday,10,0,1,31
Thursday,10,0,3,22
Tuesday,10,1,10,240
Wednesday,10,1,6,278
Thursday,10,0,2,25
Friday,10,1,8,395
Tuesday,10,0,10,50
Wednesday,10,1,18,319
Tuesday,10,0,1,37
Monday,10,2,18,373
Sunday,10,0,6,67
Tuesday,10,1,13,241
Tuesday,10,0,18,280
Thursday,10,1,19,235
Tuesday,10,1,18,210
Friday,10,0,8,31
Sunday,10,0,3,64
Sunday,10,2,5,289
Monday,10,2,6,151
Wednesday,10,1,11,197
Saturday,10,0,1,80
Monday,10,0,4,43
Friday,10,0,15,254
Tuesday,10,0,16,212
Wednesday,10,1,11,242
Monday,10,1,10,232
Thursday,10,0,3,53
Saturday,10,1,11,303
Thursday,10,0,11,318
Wednesday,10,0,15,104
Friday,10,0,3,23
Thursday,10,1,11,224
Sunday,10,1,9,216
Tuesday,10,1,9,181
Monday,10,1,1,188
Monday,10,0,19,219
Tuesday,10,1,9,219
Saturday,10,1,13,338
Monday,10,1,9,254
Thursday,10,1,15,204
Friday,10,0,5,26
Friday,10,1,4,207
Friday,10,2,7,85
Wednesday,10,1,19,252
Thursday,10,1,13,249
Tuesday,10,1,12,192
Tuesday,10,0,11,237
Wednesday,10,2,15,149
Wednesday,10,2,4,110
Saturday,10,1,4,285
Monday,10,1,11,407
Friday,10,1,7,237
Wednesday,10,0,16,223
Friday,10,0,3,27
Thursday,10,2,7,78
Thursday,10,0,1,30
Tuesday,10,0,2,38
Monday,10,0,7,35
Thursday,10,0,3,30
Tuesday,10,0,10,97
Thursday,10,1,8,179
Saturday,10,0,3,58
Thursday,10,1,14,266
Sunday,10,1,11,170
Saturday,10,0,1,62
Wednesday,10,1,14,205
Sunday,10,1,12,343
Friday,10,1,7,192
Thursday,10,0,12,89
